{"Boat Pose or Paripurna Navasana": {"mean angle": {"Head Angle": 125.27727285551407, "Left-Elbow Angle": 165.80050029530102, "Right-Elbow Angle": 165.86890100434908, "Left-Shoulder Angle": 57.50773377225185, "Right-Shoulder Angle": 57.28090192178693, "Left-Hip Angle": 64.63707439767964, "Right-Hip Angle": 65.38164342483434, "Left-Knee Angle": 174.67947068378308, "Right-Knee Angle": 173.47617963750025, "Left-Ankle Angle": 147.7620951495025, "Right-Ankle Angle": 151.03774005956535}, "std angle": {"Head Angle": 42.606158289403204, "Left-Elbow Angle": 6.310673046722052, "Right-Elbow Angle": 5.371105420767875, "Left-Shoulder Angle": 18.56356270345334, "Right-Shoulder Angle": 17.286128555911173, "Left-Hip Angle": 8.758333104210068, "Right-Hip Angle": 8.813788364805822, "Left-Knee Angle": 4.346666467440421, "Right-Knee Angle": 3.34910097502469, "Left-Ankle Angle": 15.974077339528867, "Right-Ankle Angle": 14.365877188584069}}, "Bound Angle Pose or Baddha Konasana": {"mean angle": {"Head Angle": 89.88182534799618, "Left-Elbow Angle": 168.63962369850418, "Right-Elbow Angle": 165.56216453373642, "Left-Shoulder Angle": 7.217798685648037, "Right-Shoulder Angle": 8.387223824772473, "Left-Hip Angle": 75.16796017259982, "Right-Hip Angle": 72.25987990007633, "Left-Knee Angle": 16.628380268820607, "Right-Knee Angle": 16.17314676258999, "Left-Ankle Angle": 159.92538050380182, "Right-Ankle Angle": 155.76886710848368}, "std angle": {"Head Angle": 2.8632641068566667, "Left-Elbow Angle": 9.301937309425378, "Right-Elbow Angle": 10.992616125804766, "Left-Shoulder Angle": 4.641008956847805, "Right-Shoulder Angle": 5.058782938752183, "Left-Hip Angle": 8.847608438171537, "Right-Hip Angle": 9.681233582163578, "Left-Knee Angle": 2.9210824575082923, "Right-Knee Angle": 2.8267048003202264, "Left-Ankle Angle": 18.860319509900886, "Right-Ankle Angle": 19.170050922461773}}, "Bow Pose or Dhanurasana": {"mean angle": {"Head Angle": 80.23793642005076, "Left-Elbow Angle": 166.31097164798294, "Right-Elbow Angle": 167.10783884778036, "Left-Shoulder Angle": 88.16261453684656, "Right-Shoulder Angle": 88.66283304291719, "Left-Hip Angle": 96.68769170174691, "Right-Hip Angle": 98.41355339042137, "Left-Knee Angle": 103.09612456303195, "Right-Knee Angle": 100.03794809330687, "Left-Ankle Angle": 166.24909362001839, "Right-Ankle Angle": 166.470432629665}, "std angle": {"Head Angle": 44.389776355159356, "Left-Elbow Angle": 10.045620082463794, "Right-Elbow Angle": 12.887614746312032, "Left-Shoulder Angle": 25.64674327159129, "Right-Shoulder Angle": 24.627643333342583, "Left-Hip Angle": 21.369284297110376, "Right-Hip Angle": 20.6336408455892, "Left-Knee Angle": 16.16966133872664, "Right-Knee Angle": 16.253495106878663, "Left-Ankle Angle": 8.19627946737289, "Right-Ankle Angle": 7.5672776680338005}}, "Bridge Pose or Setu Bandha Sarvangasana": {"mean angle": {"Head Angle": 107.33236862391232, "Left-Elbow Angle": 171.60590564319943, "Right-Elbow Angle": 171.3509341223514, "Left-Shoulder Angle": 55.92839412178412, "Right-Shoulder Angle": 58.71932587203625, "Left-Hip Angle": 154.61414429477728, "Right-Hip Angle": 152.823022695186, "Left-Knee Angle": 68.637429181953, "Right-Knee Angle": 68.91727585600542, "Left-Ankle Angle": 119.4728187907274, "Right-Ankle Angle": 117.55553031269001}, "std angle": {"Head Angle": 47.509127922691505, "Left-Elbow Angle": 5.191048122260106, "Right-Elbow Angle": 5.283932583937703, "Left-Shoulder Angle": 11.31675512153563, "Right-Shoulder Angle": 12.361201730218559, "Left-Hip Angle": 16.29189024676806, "Right-Hip Angle": 14.411128796074042, "Left-Knee Angle": 10.23343890752562, "Right-Knee Angle": 8.059129189015955, "Left-Ankle Angle": 9.57998704186269, "Right-Ankle Angle": 8.480807443560714}}, "Camel Pose or Ustrasana": {"mean angle": {"Head Angle": 79.289973347077, "Left-Elbow Angle": 168.0206855355781, "Right-Elbow Angle": 170.26919120737927, "Left-Shoulder Angle": 65.95294423095915, "Right-Shoulder Angle": 66.79160313756744, "Left-Hip Angle": 108.06100696809516, "Right-Hip Angle": 109.75034662224736, "Left-Knee Angle": 97.24631878484114, "Right-Knee Angle": 95.86837676185128, "Left-Ankle Angle": 158.46521816333546, "Right-Ankle Angle": 160.83567352299409}, "std angle": {"Head Angle": 39.7468509213079, "Left-Elbow Angle": 8.01553718868078, "Right-Elbow Angle": 4.611914448326249, "Left-Shoulder Angle": 9.492666257929466, "Right-Shoulder Angle": 11.061828921494628, "Left-Hip Angle": 13.712259694205407, "Right-Hip Angle": 12.92016411012632, "Left-Knee Angle": 10.250298404625717, "Right-Knee Angle": 8.410616917706081, "Left-Ankle Angle": 17.833215796901705, "Right-Ankle Angle": 10.797360984066177}}, "Chair Pose or Utkatasana": {"mean angle": {"Head Angle": 110.26348067145769, "Left-Elbow Angle": 156.42040984077656, "Right-Elbow Angle": 153.1201707777414, "Left-Shoulder Angle": 164.14652038449623, "Right-Shoulder Angle": 163.00557715638152, "Left-Hip Angle": 94.43181035506628, "Right-Hip Angle": 95.822862779851, "Left-Knee Angle": 96.90360587874984, "Right-Knee Angle": 97.68812633877666, "Left-Ankle Angle": 84.89862182785932, "Right-Ankle Angle": 84.45920225828736}, "std angle": {"Head Angle": 53.3067492944165, "Left-Elbow Angle": 28.87600485151037, "Right-Elbow Angle": 44.73351681183058, "Left-Shoulder Angle": 13.515678505761837, "Right-Shoulder Angle": 12.374325941021462, "Left-Hip Angle": 19.58684478832223, "Right-Hip Angle": 19.95106138961771, "Left-Knee Angle": 16.038174761999503, "Right-Knee Angle": 16.971179302648196, "Left-Ankle Angle": 14.717251793985573, "Right-Ankle Angle": 16.72035016580506}}, "Child Pose or Balasana": {"mean angle": {"Head Angle": 73.63472092258442, "Left-Elbow Angle": 153.56321565740944, "Right-Elbow Angle": 148.90824837716616, "Left-Shoulder Angle": 146.44730537749928, "Right-Shoulder Angle": 148.67010156127668, "Left-Hip Angle": 31.669044128304154, "Right-Hip Angle": 31.16028621663898, "Left-Knee Angle": 40.92075531387964, "Right-Knee Angle": 42.07526842654587, "Left-Ankle Angle": 164.7511126309339, "Right-Ankle Angle": 169.11776578156815}, "std angle": {"Head Angle": 63.55283632283163, "Left-Elbow Angle": 16.99981824117311, "Right-Elbow Angle": 17.15471964224979, "Left-Shoulder Angle": 6.575004943984234, "Right-Shoulder Angle": 7.246474447789265, "Left-Hip Angle": 8.532776059772116, "Right-Hip Angle": 7.419432798561909, "Left-Knee Angle": 7.4456123236694465, "Right-Knee Angle": 9.07847300785953, "Left-Ankle Angle": 7.560992682183931, "Right-Ankle Angle": 7.759267914884093}}, "Cobra Pose or Bhujangasana": {"mean angle": {"Head Angle": 98.50423969154753, "Left-Elbow Angle": 167.1499169485391, "Right-Elbow Angle": 165.65545930985883, "Left-Shoulder Angle": 21.68068791340515, "Right-Shoulder Angle": 25.076348584626285, "Left-Hip Angle": 122.70341417828834, "Right-Hip Angle": 123.39927092250629, "Left-Knee Angle": 166.8680889051663, "Right-Knee Angle": 172.8660336099125, "Left-Ankle Angle": 149.54740465998364, "Right-Ankle Angle": 148.50320887276163}, "std angle": {"Head Angle": 42.0479279021659, "Left-Elbow Angle": 13.628593501653805, "Right-Elbow Angle": 17.106422857258053, "Left-Shoulder Angle": 10.256233611283692, "Right-Shoulder Angle": 13.720587264329321, "Left-Hip Angle": 8.38034660650957, "Right-Hip Angle": 8.066057700237899, "Left-Knee Angle": 10.28163714921208, "Right-Knee Angle": 7.068576063910664, "Left-Ankle Angle": 14.143644141670107, "Right-Ankle Angle": 17.005797018127307}}, "Corpse Pose or Savasana": {"mean angle": {"Head Angle": 88.27112536554165, "Left-Elbow Angle": 161.52123174701063, "Right-Elbow Angle": 165.07985504812854, "Left-Shoulder Angle": 24.32127005534011, "Right-Shoulder Angle": 21.918067125463885, "Left-Hip Angle": 172.20892830557065, "Right-Hip Angle": 169.7587501477236, "Left-Knee Angle": 171.909664808227, "Right-Knee Angle": 174.43073030761613, "Left-Ankle Angle": 125.77377610711855, "Right-Ankle Angle": 128.14758406144895}, "std angle": {"Head Angle": 38.33467970698977, "Left-Elbow Angle": 16.946309671501126,